An Giang,1316625240.jpg,
Bà Rịa Vũng Tàu,1316689055.jpg,
Bắc Kạn,1316689118.jpg,
Bắc Giang,CategoryCover_1406302434_Bac.Giang.jpg,
Bạc Liêu,1316689251.JPG,
Bắc Ninh,1316689327.jpg,Nhớ Đêm Giã Bạn,https://mp3.zing.vn/bai-hat/Nho-Dem-Gia-Ban-Thu-Hien/ZW6UCO0W.html
Bến Tre,1316624338.jpg,Phải Lòng Con Gái Bến Tre,https://mp3.zing.vn/bai-hat/Phai-Long-Con-Gai-Ben-Tre-Phi-Nhung/ZWZCCZU9.html
Bình Định,1316689368.JPG,
Bình Dương,1316624886.jpg,
Bình Phước,1316689475.jpg,
Bình Thuận,1316689557.jpg,
Cà Mau,1316625035.jpg,Áo Mới Cà Mau,https://mp3.zing.vn/bai-hat/Ao-Moi-Ca-Mau-Phi-Nhung/ZWZ9EZBO.html
Cần Thơ,1316624294.JPG,Cần Thơ Quê Em,https://mp3.zing.vn/bai-hat/Can-tho-que-em-Phi-Nhung/IWZCU87B.html
Cao Bằng,1316689623.jpg,Tiếng Hát Giữa Rừng Pác Bó,https://mp3.zing.vn/bai-hat/Tieng-Hat-Giua-Rung-Pac-Bo-Anh-Tho/ZWZBWWW6.html
Đà Nẵng,1316622744.jpg,Sông Hàn Tình Yêu Của Tôi,chude15.mtl#song.13
Đắk Lắk,1316837214.jpg,
Đắk Nông,1316837960.jpg,
Điện Biên,CategoryCover_1406304793_Dien.Bien.jpg,
Đồng Nai,1316838265.jpg,
Đồng Tháp,1316838317.jpg,
Gia Lai,1316838427.jpg,
Hà Giang,1316838469.jpg,Hà Giang Quê Hương Tôi,http://nhachay.mrmai.net/chude22.mtl#song.54
Hà Nam,1316838533.jpg,
Hà Nội,1316622844.jpg,Hà Nội Mùa Vắng Những Cơn Mưa,https://mp3.zing.vn/bai-hat/Ha-Noi-Mua-Vang-Nhung-Con-Mua-Hong-Nhung/ZW68CACI.html
Hà Tây,1316838598.jpg,Hà Tây Quê Lụa,https://mp3.zing.vn/bai-hat/Ha-Tay-Que-Lua-Trong-Tan/ZWZAA7E7.html
Hà Tĩnh,1316838635.jpg,Hà Tĩnh Mình Thương,https://mp3.zing.vn/bai-hat/Ha-Tinh-Minh-Thuong-Cam-Tu/ZWZCA9WO.html
Hải Dương,1316838687.jpg,Đường Về Hải Dương,http://nhachay.mrmai.net/chude27.mtl#song.1403
Hải Phòng,1316624427.jpg,Thành Phố Hoa Phượng Đỏ,https://mp3.zing.vn/bai-hat/Thanh-Pho-Hoa-Phuong-Do-Trong-Tan/ZW786ZZE.html
Hậu Giang,1316625103.jpg,Chiều Qua Phà Hậu Giang,https://mp3.zing.vn/bai-hat/Chieu-Qua-Pha-Hau-Giang-Phi-Nhung/ZWZAC0Z8.html
Hòa Bình,1316838733.jpg,
Hưng Yên,1316838790.jpg,
Khánh Hòa,1316624825.jpg,
Kiên Giang,1316838833.jpg,
Kon Tum,1316838901.jpg,
Lai Châu,1316838994.jpg,
Lâm Đồng,1316625141.jpg,
Lạng Sơn,1316839056.jpg,Hương Hồi Xứ Lạng,http://nhachay.mrmai.net/chude38.mtl#song.201
Lào Cai,1316839187.jpg,
Long An,1316839270.jpg,
Nam Định,1316839335.jpg,
Nghệ An,1316624368.jpg,
Ninh Bình,1316839368.jpg,
Ninh Thuận,1316839419.JPG,
Phú Thọ,1316839483.jpg,
Phú Yên,1316839566.jpg,
Quảng Bình,1316839674.jpg,
Quảng Nam,1316622914.jpg,
Quảng Ngãi,1316839703.jpg,
Quảng Ninh,1316624740.jpg,
Quảng Trị,1362649643.jpg,
Sóc Trăng,1316839727.jpg,
Sơn La,1316624923.jpg,
Tây Ninh,1316839759.jpg,
Thái Bình,1316839888.jpg,Nắng ấm quê hương,https://www.nhaccuatui.com/bai-hat/nang-am-que-huong-anh-tho.QxgFkZb_Y8.html
Thái Nguyên,1316840073.jpg,
Thanh Hóa,1316840145.jpg,
Thừa Thiên Huế,1316624215.jpg,
Tiền Giang,1316840383.jpg,
Tp Hồ Chí Minh,1316623009.jpg,Mùa Xuân Trên Thành Phố Hồ Chí Minh,chude30.mtl#song.18
Trà Vinh,1316840404.jpg,
Tuyên Quang,1316840467.jpg,
Vĩnh Long,1316840508.jpg,
Vĩnh Phúc,1316840549.jpg,
Yên Bái,CategoryCover_1405182626_Yen.Bai.jpg,